{
  "nextID": 6,
  "units": {
    "1": {
      "ID": 1,
      "x": 178.15991787336154,
      "y": 97.20955999999808,
      "color": null,
      "online": false,
      "angle": 3.141592653589793
    },
    "2": {
      "ID": 2,
      "x": 194.01072472983626,
      "y": 11,
      "color": null
    },
    "3": {
      "ID": 3,
      "x": 139.6926200000007,
      "y": 77.91012000000357,
      "color": null
    },
    "4": {
      "ID": 4,
      "x": 116.41664174171828,
      "y": 107.5314423379524,
      "color": null,
      "online": false,
      "angle": -0.7853981633974483
    },
    "5": {
      "ID": 5,
      "x": 144.05851999999985,
      "y": 78.02947999999998,
      "angle": 0,
      "color": null,
      "online": false
    }
  },
  "objects": [
    {
      "type": "chest",
      "x": 150,
      "y": 100,
      "width": 20,
      "height": 10,
      "items": [
        {
          "name": "Apple",
          "amount": 2
        }
      ]
    }
  ]
}
